{
  "vectors": {
    "x": [
      0.0,
      0.09973310011396169,
      0.19946620022792338,
      0.2991993003418851,
      0.39893240045584677,
      0.49866550056980846,
      0.5983986006837702,
      0.6981317007977319,
      0.7978648009116935,
      0.8975979010256552,
      0.9973310011396169,
      1.0970641012535787,
      1.1967972013675403,
      1.296530301481502,
      1.3962634015954638,
      1.4959965017094254,
      1.595729601823387,
      1.6954627019373487,
      1.7951958020513104,
      1.8949289021652722,
      1.9946620022792338,
      2.0943951023931957,
      2.1941282025071573,
      2.293861302621119,
      2.3935944027350806,
      2.4933275028490423,
      2.593060602963004,
      2.6927937030769655,
      2.7925268031909276,
      2.8922599033048892,
      2.991993003418851,
      3.0917261035328125,
      3.191459203646774,
      3.291192303760736,
      3.3909254038746974,
      3.490658503988659,
      3.5903916041026207,
      3.690124704216583,
      3.7898578043305444,
      3.889590904444506,
      3.9893240045584677,
      4.089057104672429,
      4.188790204786391,
      4.288523304900353,
      4.388256405014315,
      4.487989505128276,
      4.587722605242238,
      4.687455705356199,
      4.787188805470161,
      4.886921905584123,
      4.9866550056980845,
      5.086388105812047,
      5.186121205926008,
      5.28585430603997,
      5.385587406153931,
      5.485320506267893,
      5.585053606381855,
      5.684786706495816,
      5.7845198066097785,
      5.88425290672374,
      5.983986006837702,
      6.083719106951663,
      6.183452207065625,
      6.283185307179586
    ],
    "y_clean": [
      0.2,
      0.22426580696756337,
      0.15364195640813472,
      0.11456140083042038,
      0.2082410226942109,
      0.43374979183005535,
      0.6880180184353688,
      0.8427876096865394,
      0.8405648096314652,
      0.737327295676767,
      0.6598321495702877,
      0.7096780352309849,
      0.8863695618529412,
      1.0873222073217588,
      1.184807753012208,
      1.1219017575529266,
      0.9551849952095535,
      0.8120454330196882,
      0.7947341386013398,
      0.9034231593758687,
      1.0362038126834197,
      1.0660254037844386,
      0.9366359660876027,
      0.7052770161764714,
      0.4999789641904356,
      0.42361063674499344,
      0.47693101658823506,
      0.5585816994893048,
      0.5420201433256685,
      0.3714553580620398,
      0.10453807938491091,
      -0.13034788791978702,
      -0.23003965924118117,
      -0.19354645296743758,
      -0.1220594373185471,
      -0.14202014332566865,
      -0.3091857787458111,
      -0.5659393901707623,
      -0.7839981839059612,
      -0.8603665113514034,
      -0.7942853897589973,
      -0.68724004534411,
      -0.6660254037844389,
      -0.7868078919399262,
      -0.9924315329583958,
      -1.1551216857623072,
      -1.1724329801806561,
      -1.0441933687920795,
      -0.8725058368094336,
      -0.784807753012208,
      -0.8379262865782651,
      -0.975377935435468,
      -1.0700655823919523,
      -1.0202196967312547,
      -0.8263356692592931,
      -0.5911688888879708,
      -0.4427876096865389,
      -0.43862209769187493,
      -0.5227581654125817,
      -0.5686285698551784,
      -0.47494894799138726,
      -0.24265032999066102,
      0.025130113775931065,
      0.19999999999999976
    ],
    "y_noisy": [
      0.2,
      0.22675810125059823,
      0.14866356407834388,
      0.12201351413922906,
      0.19833371553424106,
      0.44608766171457004,
      0.6732802597148236,
      0.8598886168528227,
      0.8211430698177304,
      0.759021482632645,
      0.6359194506392218,
      0.7357497953999598,
      0.8582035589497603,
      1.1175124278380328,
      1.1526683725278815,
      1.1559103944414726,
      0.9193916527465676,
      0.8495344931680751,
      0.7556425644779382,
      0.9440200596616614,
      0.9942025165258811,
      1.1093266739736602,
      0.8921423756470294,
      0.7508523087920551,
      0.4534352767582255,
      0.47100700405335,
      0.4287998042407344,
      0.6073280950983961,
      0.4927797556750582,
      0.42106731839204836,
      0.05467788952585191,
      -0.08036342881974622,
      -0.280024118341222,
      -0.14368626310837856,
      -0.17167139764855566,
      -0.09277975567505822,
      -0.3579321743549022,
      -0.5178081778232617,
      -0.831394551214318,
      -0.813822823919193,
      -0.839860682374581,
      -0.6427464549035367,
      -0.7093266739736612,
      -0.7448065957823881,
      -1.0330284332441888,
      -1.1160301116389058,
      -1.2099220403290427,
      -1.008400026329094,
      -0.9065144736979801,
      -0.7526683725278807,
      -0.868116507094539,
      -0.9472119325322859,
      -1.0961373425609269,
      -0.9963069978001882,
      -0.8480298562151701,
      -0.571747149074236,
      -0.4598886168528235,
      -0.42388433897133015,
      -0.535096035297097,
      -0.5587212626952082,
      -0.4824010613001961,
      -0.23767193766087036,
      0.02263781949289524,
      0.19999999999999904
    ]
  },
  "tolerances": {
    "smooth_rmse_max": 0.12,
    "cosine_min": 0.92,
    "pearson_min": 0.9
  }
}
